year,money
2008,82169230.33333333
2009,90451757.83333333
2010,93132335.5
2011,103981573.9166667
2012,112233568.5833333
2013,121940678.3333333
2014,114980578.1666667
2015,119515753.5
2016,125548946